cp_pl_jn_long_0, cp_pl_jn_long_1, jn_pl_cp_long_0, jn_pl_cp_long_1, ag_pl_en_long_0, gb_pl_en_long_0, plain_datetime_0, plain_timestamp_0
38,-98,71,98,-100,-79,"1992-03-19 17:11:32","2006-06-15 17:51:36"
-95,87,36,-78,-44,-59,"2009-10-05 04:21:38","2006-08-06 21:09:03"
-59,83,-5,-40,-94,-30,"1975-02-14 20:50:30","1992-04-05 18:18:53"
-19,-91,-6,-4,-52,56,"1985-05-03 21:25:24","2025-06-02 01:58:20"
46,5,-13,-8,37,-30,"2024-05-16 02:23:28","2014-04-10 15:44:41"
-96,-41,78,-8,-98,-48,"1982-10-24 16:03:42","2013-03-12 21:19:35"
-42,-45,84,41,-66,-14,"2005-09-05 20:42:05","2007-08-02 10:09:27"
-19,18,-10,-91,56,100,"1977-03-23 09:52:47","2029-12-20 00:13:53"
-65,27,-73,-71,-46,-84,"1984-07-24 13:23:47","1987-04-28 13:57:48"
17,55,47,18,99,27,"1973-08-23 00:27:57","2022-04-20 01:37:28"
-86,25,35,89,98,3,"2020-10-09 20:42:02","1972-06-16 04:12:24"
-78,-54,-6,-38,44,-73,"2022-05-20 09:07:25","2002-06-10 06:52:04"
11,31,-43,-57,13,-62,"1985-01-12 15:29:27","1992-01-19 02:09:16"
51,98,-96,91,-71,-73,"1991-11-25 09:14:22","1976-08-21 03:43:32"
-50,-47,-3,-100,-23,-2,"2013-02-26 06:58:40","1997-01-23 17:31:55"
84,45,77,-26,87,-32,"2017-05-23 09:34:46","2003-02-18 21:24:13"
-35,81,48,-66,-39,-39,"1991-07-25 02:40:42","1991-09-28 02:24:17"
-17,62,29,19,79,-4,"2016-09-15 02:10:54","2025-01-26 02:05:26"
49,15,4,47,36,-29,"1978-11-16 01:37:41","1998-02-06 12:32:01"
-100,97,-19,-89,2,-41,"2005-09-10 13:58:49","2006-09-02 20:05:14"
76,-66,-11,35,74,-71,"1999-12-24 00:18:55","1973-07-15 23:32:11"
100,40,9,-59,55,40,"1973-06-20 16:01:38","2009-06-11 01:17:29"
-86,-74,67,70,38,-91,"1975-08-16 15:51:42","2007-04-03 08:12:04"
58,33,-85,55,50,-33,"1995-10-25 05:34:41","1980-11-10 20:59:14"
-90,-51,46,21,-19,-78,"1972-06-14 19:36:23","1986-08-09 22:18:30"
38,48,-5,-81,46,-22,"1980-09-23 19:40:46","1987-01-05 18:17:00"
-95,40,54,-58,26,-56,"2017-08-19 22:39:24","2023-10-21 10:59:22"
-26,85,7,-47,-25,55,"2007-11-25 02:24:28","2026-02-27 11:20:38"
-35,82,-56,8,-68,-84,"1988-05-04 03:53:14","1983-07-26 19:08:07"
-1,-35,-93,-93,16,-99,"1972-12-16 18:09:19","1985-05-23 14:21:20"
30,-11,99,-79,-58,51,"2002-02-25 16:45:00","1995-05-16 11:51:07"
-71,67,-72,43,1,-93,"1973-04-08 07:08:55","1981-09-20 20:40:21"
-62,56,-40,-62,39,25,"2013-07-18 11:50:26","2005-05-17 13:21:36"
-18,-41,62,12,50,9,"2012-08-06 03:09:56","2025-04-03 06:46:11"
-53,9,82,-57,88,-7,"2007-09-08 01:42:32","1999-12-13 09:34:07"
7,84,-12,11,13,-61,"1989-03-24 14:47:42","1973-02-25 03:28:28"
-12,-6,26,1,-38,-99,"1992-09-24 03:50:45","1974-04-16 23:23:51"
-81,77,81,-60,-63,28,"2002-03-01 05:07:18","1977-03-18 08:16:41"
-91,-99,-86,-5,-59,16,"1981-09-21 02:20:37","1971-09-21 00:54:25"
35,26,48,-16,-50,-23,"2000-01-19 13:36:47","1992-06-27 23:38:28"
2,24,-25,-19,-14,99,"2002-01-06 14:40:40","2029-12-15 18:28:50"
-34,64,-77,-13,26,82,"2016-07-17 07:40:19","1991-10-16 05:31:15"
72,-30,31,47,71,-88,"1972-06-03 15:33:59","2011-07-28 04:18:13"
100,67,13,-30,-19,-7,"2027-11-08 05:25:07","2019-11-25 16:38:20"
3,8,51,-6,26,82,"1991-01-23 19:12:53","2001-02-28 17:48:54"
87,-7,-29,-57,75,-76,"2029-02-10 00:20:38","1971-02-25 01:11:48"
-74,-46,40,4,7,32,"2003-04-24 13:29:28","2018-11-26 15:26:33"
-76,-85,24,49,75,68,"2001-08-07 09:10:12","2022-07-10 22:32:05"
48,23,74,35,-91,-79,"2019-02-22 22:46:23","2030-06-25 12:44:53"
-17,86,-95,90,-58,-2,"2009-05-08 20:57:06","2011-12-18 05:16:07"
-70,34,31,-25,79,-55,"2001-08-07 08:53:02","2013-08-02 12:36:33"
86,26,-96,87,68,-86,"1990-03-19 20:47:51","2017-06-08 17:27:28"
50,-81,-87,100,59,56,"1972-08-11 00:19:51","2005-04-03 18:32:11"
-46,-66,58,78,84,60,"1997-02-13 03:10:25","2010-06-10 12:58:34"
81,-74,-78,-28,89,-17,"1973-11-09 08:12:30","2022-11-17 20:34:16"
25,31,11,1,27,-68,"1988-11-18 23:31:18","1981-11-12 13:19:07"
72,42,74,96,-39,-24,"2016-05-27 11:54:18","1993-04-11 23:21:05"
7,48,68,33,58,-54,"1989-11-02 17:34:19","2000-12-22 23:49:24"
16,76,0,-21,-88,74,"2002-01-13 02:43:33","1993-08-09 10:48:38"
10,-23,-36,73,30,52,"1983-04-07 16:44:00","2008-07-12 19:24:42"
71,2,67,65,-79,49,"1979-03-20 10:18:41","1973-01-15 08:55:16"
-52,-91,78,-50,14,24,"2012-07-14 10:08:02","2004-03-11 17:05:23"
5,26,-55,-46,99,-66,"1996-11-22 19:16:02","1981-08-11 05:15:00"
84,14,91,-71,45,94,"2027-09-27 16:46:21","2021-04-05 19:36:15"
-94,-46,-43,-19,-5,-43,"2028-04-26 07:33:24","1994-07-09 02:41:31"
-58,95,-70,-31,-64,84,"1986-02-18 09:29:49","2000-03-26 09:21:40"
-6,-93,25,89,-11,-82,"2009-12-26 11:48:00","1997-07-23 20:04:45"
28,0,-69,-4,37,82,"2029-10-22 14:22:33","1990-12-22 01:28:56"
19,-58,73,-49,38,73,"2001-01-22 22:41:22","2010-01-23 17:43:40"
-95,4,30,-79,-69,78,"1989-10-08 18:55:23","2009-08-01 22:34:48"
56,20,80,72,-47,-95,"2023-05-04 01:24:28","1987-11-11 13:05:22"
67,15,42,-18,37,48,"2022-04-28 21:48:02","2012-12-14 05:30:46"
7,-93,-47,0,-100,80,"2020-01-05 04:16:07","1983-09-03 00:17:36"
44,-43,23,-73,-70,25,"2021-09-24 02:54:51","2026-11-06 21:15:56"
-96,-96,7,-46,7,62,"2016-04-13 10:39:31","1977-10-28 09:33:56"
-65,96,-68,89,-51,-76,"2015-12-25 12:04:04","2022-03-02 04:44:58"
53,-30,-84,61,5,61,"1980-02-13 10:05:15","1995-02-28 08:49:00"
48,-95,-69,45,24,70,"1987-10-03 02:33:09","2000-04-17 01:57:23"
84,-39,18,51,50,-63,"1986-12-13 10:48:11","1988-04-08 19:03:04"
66,-54,-50,-49,0,-25,"1993-06-07 00:56:10","2017-07-08 00:06:44"
-47,96,-88,-35,90,-28,"2020-10-13 17:32:49","2002-03-08 07:56:15"
86,-32,-40,66,-10,-85,"2011-05-08 17:58:56","2010-10-28 14:20:38"
10,-24,42,-69,-15,41,"2001-03-22 14:21:43","2011-02-16 05:56:43"
-1,43,-7,50,-52,96,"2005-05-11 13:22:42","1996-10-19 21:17:54"
-11,9,76,5,89,-58,"2022-02-21 22:19:25","2028-02-05 07:29:23"
-40,13,62,99,30,-21,"1977-08-12 05:24:54","2029-03-02 11:16:30"
26,94,4,-55,-2,19,"2023-09-10 06:49:50","1988-12-14 23:26:55"
-42,25,-62,-12,-21,80,"2019-05-21 02:20:31","1979-09-01 21:53:00"
-14,67,-95,-67,-81,-84,"2008-10-12 14:29:33","2029-11-27 12:33:46"
15,15,22,21,-41,84,"1991-03-23 15:01:14","1991-12-14 17:26:22"
-99,81,-97,17,-26,25,"1998-04-27 04:09:34","1998-11-19 04:32:18"
-66,100,-40,-81,-11,-75,"2013-04-24 17:14:09","2017-12-13 00:56:43"
74,22,-72,72,5,51,"2008-02-10 22:32:48","2009-10-13 03:56:44"
49,61,66,-7,96,42,"2014-04-24 15:57:03","2012-11-06 17:06:59"
48,21,-10,27,-12,-97,"2017-11-27 04:00:47","1995-06-28 14:54:16"
-3,13,-81,8,-19,1,"2010-05-05 20:34:26","1972-04-15 20:12:27"
-88,-28,-90,67,-22,51,"2030-10-16 02:43:22","1987-12-27 09:35:13"
-40,0,10,28,26,97,"2015-04-25 11:38:06","1999-09-16 18:22:16"
-97,95,-63,26,33,-21,"2001-07-06 14:35:02","2017-08-03 22:21:48"
-56,11,3,85,21,-60,"1999-09-16 13:39:07","1976-12-28 05:33:24"
-43,-53,30,39,-89,-57,"2027-10-03 10:17:42","2030-03-21 19:31:21"
51,-2,-67,-88,19,-80,"2017-09-06 10:40:32","2015-01-03 23:19:48"
84,64,-80,13,94,-29,"2011-03-01 06:31:30","1974-08-05 02:02:42"
-67,-73,14,36,-9,-25,"2011-08-14 13:26:38","2029-01-22 01:35:51"
31,30,44,-44,57,-42,"1985-11-06 15:02:34","2005-06-09 08:57:29"
54,-19,-59,8,87,13,"1977-04-18 15:00:14","1995-09-22 04:12:41"
-98,-63,-89,-22,84,14,"2024-10-05 05:49:05","1975-03-25 01:46:58"
59,-37,-15,-92,-23,2,"2002-09-23 10:16:03","2025-02-24 02:06:58"
45,77,93,-24,37,14,"2004-06-15 05:18:02","1982-05-24 10:56:27"
41,26,45,-25,-86,67,"2006-03-08 04:38:19","1973-08-13 14:40:47"
82,81,-68,56,53,21,"2011-08-20 12:58:56","2016-07-21 18:36:12"
-80,-10,-29,32,-61,-17,"1982-10-22 09:11:17","1998-07-21 06:52:10"
-92,-82,-53,30,89,59,"2022-12-09 00:05:33","2022-02-19 17:37:11"
62,75,47,-89,67,82,"2000-02-05 05:17:24","2007-12-23 09:57:36"
-40,25,15,-74,54,-44,"1971-02-17 21:44:42","1984-07-27 21:52:30"
58,-17,53,-90,-13,42,"1987-08-21 16:51:37","1997-01-07 21:56:58"
11,66,-66,-43,-22,-81,"2022-09-10 14:24:24","2011-03-12 22:52:42"
82,11,-13,-71,-8,30,"1977-07-27 08:31:37","2015-08-16 18:37:43"
27,-15,-12,-66,51,-85,"1998-09-14 13:59:45","2017-12-12 04:38:01"
-27,54,-81,36,-64,6,"1980-05-02 03:32:26","1991-08-23 14:16:27"
50,-86,-72,100,82,0,"1980-03-19 10:11:07","1984-01-02 10:09:11"
68,-6,47,-40,25,-3,"2008-06-16 12:25:18","1979-07-09 04:23:53"
-85,8,-79,14,-72,-3,"1999-02-09 11:37:21","1975-07-08 20:08:12"
-31,69,-28,77,57,-16,"2013-01-23 21:17:03","2024-03-27 16:21:05"
23,14,68,8,2,69,"1982-02-13 00:23:17","2010-09-02 15:23:23"
43,-3,-83,-35,-49,91,"1986-02-03 18:27:53","2029-09-06 01:56:38"
44,-95,-86,-61,-88,43,"1977-01-16 16:45:26","2017-06-08 13:34:03"
10,-16,-48,-67,-84,53,"1996-10-11 15:56:28","2013-06-14 23:46:14"
-1,32,2,-99,-18,-62,"2021-04-19 08:29:54","2019-02-16 00:42:11"
-71,47,43,-38,-75,67,"1994-12-06 20:47:59","1971-07-14 09:00:48"
40,24,-37,91,5,14,"2024-03-13 23:38:05","1976-09-23 20:53:19"
63,12,8,-68,-9,-28,"1978-04-23 19:45:45","1982-04-06 21:53:25"
98,-72,-69,53,-75,-31,"1982-02-01 19:36:47","1994-04-26 23:29:50"
-25,59,37,38,27,-24,"2024-09-19 08:18:40","2003-08-09 16:48:41"
-58,-52,-18,-55,-93,80,"2007-09-20 06:00:21","2008-05-10 06:02:49"
76,89,-71,26,97,18,"1991-06-07 16:47:20","1986-09-08 04:21:18"
-64,67,-6,-4,-32,-11,"2005-10-18 03:37:44","1984-04-16 05:55:58"
51,-19,-38,-73,16,83,"1972-01-19 08:53:57","1992-10-12 05:01:53"
-72,93,-50,20,66,95,"2019-01-24 03:49:48","1974-02-25 05:03:18"
-36,-51,97,-74,-20,38,"2007-04-19 23:12:25","2000-02-18 05:27:36"
-96,2,13,72,-35,-52,"2013-02-27 15:07:42","1990-07-14 10:29:55"
82,45,89,27,-19,-85,"1998-05-21 13:17:51","1972-11-25 05:15:35"
-79,16,-57,-68,79,-55,"1986-09-04 15:51:59","2017-06-15 22:59:32"
-25,-58,25,97,-2,-61,"1971-05-05 10:09:51","1999-01-25 12:55:41"
75,18,70,-100,-66,86,"1985-02-09 18:09:47","2029-06-01 20:01:37"
60,-91,21,-37,6,37,"1972-07-27 13:26:27","1986-12-04 13:02:56"
34,-28,22,-27,-25,90,"2017-02-23 02:51:21","2022-08-17 13:01:27"
-73,-67,-92,-87,-24,-54,"2021-03-26 16:14:11","1999-03-01 17:45:32"
93,-75,42,7,50,41,"1984-07-22 13:47:47","2005-02-14 00:42:01"
22,68,-39,-6,-24,-96,"1974-10-20 07:52:05","1997-09-24 19:24:19"
8,85,-31,27,49,-91,"2020-01-19 22:52:53","2029-04-11 09:46:21"
-55,9,-85,87,-42,49,"2010-06-27 15:42:48","1985-01-28 06:33:06"
53,-9,46,94,-59,-52,"1978-07-06 21:36:38","1977-02-28 23:41:53"
88,75,18,25,-95,38,"1973-06-22 16:27:50","2026-10-10 06:52:03"
-35,32,-33,92,-34,27,"1980-08-10 19:58:38","1990-05-09 02:18:36"
97,0,50,-68,-80,92,"1997-02-05 07:33:53","1982-09-17 10:36:50"
76,49,0,69,79,100,"2020-09-26 05:29:34","1986-07-09 13:26:17"
-75,-39,80,-35,-42,-56,"1976-09-25 04:04:55","1991-02-02 13:48:20"
-8,74,29,-99,-50,46,"1983-05-19 16:03:09","1974-07-28 22:35:39"
36,-95,-63,-42,83,-58,"1976-09-09 14:14:16","2029-06-25 17:42:02"
3,80,-31,76,16,-99,"2017-08-15 06:02:53","1998-10-14 11:08:35"
19,-82,-52,69,-8,25,"1976-12-06 14:56:01","1981-03-25 13:49:55"
-54,-75,-5,-96,-72,-60,"1988-10-11 21:52:48","2019-04-11 08:38:40"
-28,-7,32,6,43,-41,"1987-05-21 15:34:05","2006-09-01 16:53:39"
-18,-83,-61,-51,54,-8,"1996-01-08 20:30:26","1988-04-07 22:49:11"
83,32,-82,-42,79,-68,"1981-09-03 10:16:06","1993-06-28 07:32:25"
-36,-1,99,53,40,-28,"1981-06-22 01:11:55","2005-12-26 06:59:56"
-51,-29,33,-83,91,-29,"1972-06-27 23:03:16","1984-05-26 08:00:48"
-24,77,-23,-14,-26,-57,"2018-10-19 10:55:46","1973-04-10 17:41:18"
-42,-81,-98,-15,40,-80,"2030-11-16 02:53:35","2026-04-02 14:13:15"
-11,98,41,-83,-25,-54,"2019-11-27 03:37:07","1999-01-02 08:09:22"
42,51,-64,-69,86,43,"1992-12-23 05:44:52","2009-04-16 21:15:57"
60,-28,-53,96,52,17,"1982-08-02 21:25:12","2001-08-09 21:56:08"
53,-75,54,-62,12,-52,"1991-07-05 19:45:02","2013-04-02 00:56:07"
45,47,30,-76,45,-74,"2011-04-17 06:47:45","1977-09-01 07:21:31"
-90,67,31,-72,-91,-15,"1993-07-11 02:27:43","1977-10-28 06:11:47"
29,12,-89,-44,-10,48,"2003-07-24 14:03:05","1992-04-08 03:43:55"
-53,90,71,43,-2,-82,"1984-02-11 01:51:23","2003-12-23 19:04:16"
29,-62,-96,-100,29,-92,"2017-01-25 20:41:14","1999-01-06 04:06:12"
-51,-18,40,80,68,14,"2006-04-21 02:17:39","2025-09-06 05:27:48"
87,-50,-75,29,78,-64,"2008-01-02 15:04:47","2015-07-08 18:55:24"
95,-17,26,36,-6,-45,"2010-02-27 08:43:56","2004-05-16 16:23:01"
56,-17,51,55,90,14,"2016-07-27 21:19:51","1985-05-11 21:37:56"
-76,65,2,19,82,72,"1977-05-26 01:57:51","1978-05-15 02:27:32"
-87,-95,-69,85,58,56,"1981-09-03 06:05:49","1983-06-26 11:47:28"
-88,-57,33,-51,-96,37,"1995-07-17 01:30:22","2012-06-09 01:56:10"
-43,-71,6,-9,-91,-26,"1972-03-10 02:33:53","2025-03-09 09:14:58"
-76,63,-97,14,-97,-56,"1993-05-09 13:58:26","2001-03-22 12:14:05"
-54,-5,82,-64,16,-71,"1993-02-14 12:02:28","1971-08-22 19:09:59"
81,-2,76,78,-51,64,"1992-11-22 23:47:21","2028-10-01 18:05:16"
-24,2,91,-95,93,-27,"2005-07-20 08:19:11","2000-10-13 06:09:19"
-58,-91,-57,-4,-2,-100,"1985-08-25 13:00:51","2000-03-27 14:21:54"
-19,-50,60,-6,-68,66,"1992-08-09 01:11:00","1985-10-25 06:23:07"
1,-77,-47,-63,-14,20,"2020-02-13 23:31:09","2000-01-22 01:03:54"
-94,32,-6,-88,-32,-56,"2023-01-10 07:28:46","2005-03-04 07:30:41"
56,-87,-12,-46,-94,89,"2017-07-17 21:24:41","2001-08-18 17:53:21"
87,82,-87,-95,-89,-41,"2028-07-28 02:52:53","2022-11-12 18:57:39"
78,-54,24,-80,-5,48,"2024-12-21 06:07:33","1971-12-02 13:39:53"
-91,-18,97,23,22,-57,"1986-11-20 14:42:16","2009-06-09 19:41:49"
-27,88,-42,77,55,-39,"1974-09-28 04:03:10","1988-11-16 08:54:17"
-12,-49,37,-46,29,13,"1983-07-04 14:26:29","1971-10-15 07:40:32"
-42,-90,-82,-44,45,-27,"1982-06-14 00:51:18","1975-03-11 15:21:30"
89,12,73,-83,21,-57,"1977-03-09 15:36:07","1978-12-27 22:40:20"
52,13,16,84,-13,-44,"2008-05-13 19:33:50","2027-03-25 17:04:33"
42,-78,56,54,47,-22,"1983-03-10 18:31:57","2011-12-18 14:18:59"
65,-100,38,77,41,-96,"2012-02-01 14:25:01","2024-05-11 23:12:14"
-51,69,79,16,3,37,"2025-08-17 17:51:59","2005-02-06 06:26:53"
28,83,85,27,-41,-91,"2005-06-05 03:12:40","1980-07-17 11:18:06"
-17,-33,-28,-46,-19,-97,"1976-08-04 03:23:16","2002-05-20 19:23:14"
-93,27,45,63,72,-79,"1975-06-27 20:57:24","2011-09-16 14:11:53"
68,-7,9,92,-78,64,"2024-11-16 18:42:10","2017-12-08 04:02:43"
-87,-67,68,-20,-100,-79,"1979-04-04 04:19:29","2020-01-25 08:55:19"
-20,-67,67,20,36,-49,"1984-07-08 18:49:59","1987-06-15 21:56:19"
2,-26,35,12,-91,74,"2014-02-05 19:14:37","2007-02-03 15:29:01"
10,-8,-47,-16,-89,46,"2014-01-24 08:53:44","2012-07-25 06:00:30"
-95,-61,77,-97,-9,0,"1991-09-18 17:14:09","1974-05-16 01:21:35"
-25,-57,6,-15,-72,-10,"2018-05-09 04:27:57","2015-12-22 21:07:42"
59,-90,-41,7,-76,-89,"2020-12-22 07:21:01","1985-07-17 02:49:34"
63,-3,-56,91,83,-1,"1971-04-24 18:05:45","1976-03-18 22:22:24"
-44,61,71,57,-31,72,"1985-11-15 03:28:26","1987-05-16 00:06:36"
23,96,50,77,-58,-78,"2021-03-18 21:11:56","1991-03-05 13:58:25"
-100,75,-73,23,-32,58,"1998-11-01 19:11:54","1975-11-05 23:43:30"
-51,20,-49,-13,82,-96,"2012-12-23 01:50:38","1985-07-10 02:03:28"
-49,61,-20,73,-82,52,"2021-04-08 21:56:05","1997-02-28 06:55:13"
76,-44,3,-65,19,-81,"1999-08-08 11:58:44","1999-07-26 10:37:52"
-79,-54,48,-11,-67,75,"1980-12-12 18:18:44","2014-08-15 00:10:51"
-96,70,-22,-18,8,-86,"2012-11-06 01:17:21","2026-05-26 20:50:56"
42,-91,-28,-55,89,53,"2000-08-08 01:05:31","1984-03-22 15:38:49"
-24,12,-40,70,-39,46,"2022-03-12 09:44:33","2008-02-01 05:38:30"
58,-12,72,-33,34,-44,"2010-09-09 16:34:27","1983-03-28 13:52:12"
93,-54,58,100,-83,-41,"2007-01-22 14:32:49","2019-07-21 19:14:55"
-81,3,-14,-18,92,38,"2018-05-27 07:31:23","1979-04-15 06:57:33"
14,-48,35,-12,96,-24,"2028-07-02 17:21:31","1976-06-16 13:59:05"
86,-72,91,62,8,79,"2012-05-10 04:36:06","2005-08-12 05:10:13"
-37,91,-57,78,64,71,"1976-12-15 20:25:10","2002-02-15 07:43:38"
-74,-61,97,74,-24,32,"1999-11-17 01:53:36","2015-09-20 19:58:54"
-34,89,-27,-34,-71,5,"1991-07-14 11:18:39","1993-01-01 11:04:57"
-31,-63,-4,89,10,-5,"2022-07-18 07:48:31","2010-06-05 06:57:29"
-69,32,-74,9,22,-40,"1973-07-05 09:37:52","2007-01-18 00:47:41"
5,-47,88,-28,89,61,"1974-10-14 10:33:29","1975-05-05 22:51:31"
100,-11,-13,75,-64,-59,"1990-03-05 08:35:31","2028-08-18 11:00:11"
28,22,85,-64,-2,-65,"2007-11-11 15:46:43","1972-08-20 20:29:48"
66,91,25,70,-25,60,"2024-01-12 05:44:25","1988-05-03 09:01:09"
-99,70,50,48,-72,-19,"1976-10-22 15:59:00","2030-06-23 17:58:33"
-52,40,-63,-85,-29,-14,"1976-07-04 21:01:52","1980-03-08 07:32:58"
-91,48,-37,-74,-89,12,"1980-11-09 02:22:36","2021-12-21 03:00:38"
-15,58,-76,-43,-23,-2,"1979-04-21 23:48:06","1983-05-24 13:32:35"
58,-6,-41,4,74,-38,"2010-05-25 00:33:40","1972-07-07 05:53:55"
97,-84,82,74,13,47,"1981-03-12 05:27:13","1971-06-15 23:59:14"
-94,-72,51,-89,83,-36,"2020-10-06 12:28:19","2001-04-17 13:59:51"
9,-54,-48,3,48,66,"1972-06-28 04:22:03","2024-02-24 12:15:38"
-69,82,-17,51,35,-32,"1999-12-21 23:24:39","1995-06-20 10:19:47"
46,59,-57,87,-58,35,"1982-02-12 05:09:31","2012-11-23 20:47:22"
-57,-78,-25,28,73,-33,"2022-10-06 05:54:37","2030-06-02 13:28:31"
91,-16,-29,72,12,6,"2018-05-03 08:11:12","2023-12-05 04:18:21"
-64,-1,28,42,-71,19,"1981-10-22 04:31:14","2012-12-26 15:19:54"
100,92,100,21,4,46,"1989-09-10 19:29:49","2025-06-28 20:18:41"
6,-9,-94,29,-84,43,"1987-03-02 23:27:41","2004-01-11 00:41:56"
18,51,20,30,34,-100,"2008-08-25 10:02:42","1993-02-13 01:38:09"
58,86,-33,-58,88,1,"2002-05-26 01:37:32","1994-01-23 20:41:38"
4,-94,-33,89,-77,-53,"1997-10-26 05:19:23","1983-11-25 17:35:25"
88,-33,-14,84,-50,-32,"2026-11-17 13:49:34","1979-03-23 10:19:36"
87,-74,-99,-59,-80,-8,"2024-04-04 19:15:19","2008-02-16 11:56:12"
62,46,-83,49,0,-91,"1973-07-26 01:01:20","1972-10-07 14:05:02"
90,97,24,-21,-36,43,"2015-07-12 01:20:55","2015-01-15 17:04:33"
-99,10,56,-99,-61,93,"2000-10-08 09:03:55","1978-04-12 21:44:53"
4,-74,-88,29,34,48,"1992-10-14 21:53:49","1996-12-05 21:50:49"
-15,47,34,-82,35,5,"1974-11-02 05:28:52","1985-09-14 03:58:47"
12,21,-49,60,-11,-3,"1983-07-01 04:28:27","1995-06-12 04:17:31"
-69,-22,-76,-37,-40,73,"1978-03-06 07:44:14","2003-03-14 14:29:34"
-32,-87,-10,-54,-87,-71,"1984-05-13 14:55:44","2009-05-07 12:29:54"
19,32,48,76,65,99,"2005-06-13 09:50:28","1992-05-15 19:34:38"
-86,70,-75,-1,17,46,"2015-04-24 15:20:00","1994-12-07 09:06:17"
-18,96,-84,23,52,-51,"1985-09-11 06:11:45","1984-09-25 20:42:09"
80,-85,-81,25,76,-42,"1976-01-07 17:20:31","1983-07-14 04:06:25"
-57,-64,-96,-74,52,65,"2006-06-23 17:05:47","1988-12-17 18:39:18"
-54,15,-60,24,7,-32,"2024-03-08 12:13:05","1996-12-11 13:39:07"
-74,-76,92,47,40,15,"1983-11-08 17:11:59","1989-07-12 00:33:46"
-51,-3,-51,11,-87,79,"1999-01-15 21:45:56","2030-07-16 06:23:29"
11,58,80,-47,-79,-71,"2024-12-22 09:41:25","2025-03-05 13:11:21"
59,-17,6,-82,1,20,"1978-06-06 14:13:46","2018-11-11 07:20:54"
-97,-59,60,-77,77,-57,"2020-02-06 23:25:59","1993-12-04 01:13:38"
-53,-97,-20,5,33,63,"2003-09-26 15:41:53","2003-01-03 18:26:16"
-40,57,-19,49,4,55,"1992-10-22 14:41:06","2013-04-18 11:33:09"
-42,-24,47,35,88,-13,"1984-02-08 03:52:45","1976-09-21 14:19:38"
-68,-27,68,80,36,9,"1989-03-28 22:36:51","2000-06-07 22:09:33"
-63,-59,-96,-94,19,-66,"2002-01-18 09:50:27","2017-11-17 09:07:46"
79,85,-86,-44,-98,-26,"2018-09-25 07:40:42","1981-01-12 01:03:19"
38,87,-36,-47,44,2,"1983-12-27 06:43:40","2013-02-12 06:12:32"
36,-63,11,11,87,-71,"1980-03-25 23:00:57","2011-12-02 14:03:34"
-50,-24,-34,-79,-78,-72,"2027-02-07 18:51:26","2005-01-22 03:26:41"
-67,69,-100,-97,-21,3,"1996-12-07 02:21:00","1998-07-10 01:36:51"
-76,-89,31,76,-59,-50,"1997-07-12 16:50:19","1982-02-19 23:34:43"
50,67,67,-4,97,54,"1992-10-24 21:50:54","1990-03-14 09:23:01"
-7,34,88,-76,58,-29,"1992-09-18 20:06:29","1978-09-14 19:45:47"
68,-43,-2,-46,83,76,"2030-07-13 07:55:01","1999-03-17 00:29:31"
70,-56,28,-18,-13,59,"1985-04-23 13:12:41","1972-09-08 15:01:47"
4,30,33,-14,12,45,"1971-11-05 20:10:08","1982-12-05 07:14:15"
-97,62,-24,15,4,-66,"2017-10-25 15:06:30","1997-11-02 13:34:27"
-54,81,97,97,-3,93,"1987-03-16 23:04:22","1986-07-02 16:54:33"
-94,-11,-87,91,-35,9,"1973-05-14 02:58:40","1980-08-11 20:12:06"
-28,35,100,32,-18,76,"1977-12-16 22:06:34","2011-11-28 12:44:41"
97,-56,-9,-48,-56,-28,"1976-12-06 02:48:46","1989-05-18 21:55:43"
-33,-94,70,69,59,17,"2013-01-26 00:53:59","1975-05-28 21:37:16"
-48,-32,-100,84,82,-22,"1972-01-04 21:31:44","2025-07-21 07:41:17"
-61,-17,61,-96,-30,68,"1997-04-08 15:56:32","1992-09-23 10:16:15"
-43,62,39,-87,26,-21,"2015-07-05 23:24:24","1994-04-28 05:54:20"
82,13,-84,58,-15,87,"1985-09-10 08:54:38","1998-09-16 19:39:24"
-16,68,6,77,94,-29,"1976-05-09 10:05:26","2026-02-28 20:45:21"
14,-66,91,84,-52,-77,"2004-05-23 11:11:36","2013-08-27 16:25:24"
100,4,77,23,99,89,"1996-02-18 20:43:17","2022-11-04 22:39:13"
42,-38,-54,-17,16,4,"2016-05-06 23:48:31","1976-02-21 04:57:36"
38,-100,-97,-49,44,-95,"1987-03-22 05:53:05","1997-04-07 17:46:32"
72,74,35,-87,23,15,"2008-10-12 23:07:58","1988-10-26 06:59:03"
13,-6,-70,-16,94,-19,"2000-02-19 03:50:47","2009-03-12 14:12:10"
23,-3,-95,35,-7,15,"2010-11-14 18:25:52","2015-03-21 08:55:43"
-96,-92,57,0,82,87,"2017-01-06 16:25:06","1974-11-25 10:08:34"
35,14,30,-53,-20,-25,"2008-02-15 01:23:51","1975-01-13 16:01:48"
-6,-78,-69,-58,36,-10,"2007-05-01 03:03:34","2018-12-01 20:34:27"
-38,41,-62,91,-79,75,"2010-01-11 16:04:43","2013-01-10 07:06:13"
-97,-54,77,58,30,-52,"1986-05-06 15:57:17","2002-05-05 15:09:50"
38,54,85,25,13,-49,"2015-05-07 09:51:15","1979-07-25 11:25:45"
20,-62,-14,-79,81,-73,"2015-05-06 18:08:04","2015-03-13 04:37:52"
56,-48,-9,17,12,-91,"2002-03-06 22:53:14","2016-05-05 02:26:46"
-92,-41,61,-40,30,-73,"2022-07-17 01:19:32","1989-03-10 20:59:45"
77,-27,61,88,-4,48,"1986-11-16 04:33:59","1974-06-27 03:34:20"
53,-69,2,7,-12,-30,"2006-12-27 05:36:57","1991-07-16 20:27:48"
24,44,-99,11,13,30,"2022-09-14 04:40:57","2023-03-28 12:43:06"
-86,-72,18,89,15,57,"1984-10-05 21:34:31","1988-03-26 03:07:48"
67,78,-76,47,-3,-95,"1986-12-07 22:09:45","2013-02-03 08:38:05"
-4,-52,-32,91,-80,28,"1984-09-20 03:29:46","2010-04-15 06:12:52"
0,-18,91,92,-60,-50,"1985-02-11 07:41:01","1980-09-19 17:32:54"
38,-51,-93,2,59,-17,"1980-01-08 21:18:33","1988-05-05 14:47:42"
79,-81,-97,94,-81,87,"1981-04-24 18:39:20","1971-06-06 13:12:18"
-22,-20,46,77,-59,81,"1975-05-11 01:59:45","2027-12-03 02:25:34"
-84,70,82,-29,-27,33,"1977-09-25 02:00:04","1975-02-09 22:08:29"
39,-8,-47,-6,13,-13,"2028-12-18 04:18:42","1988-11-25 16:15:56"
10,2,-34,89,64,-70,"1976-12-06 18:55:44","2026-08-02 01:17:21"
-68,44,-79,85,-72,-9,"1988-08-15 01:09:26","2009-04-18 00:07:09"
28,37,-83,10,58,56,"1972-06-24 19:17:48","2019-04-23 23:15:48"
-29,73,-21,-4,-100,-47,"2004-08-11 18:00:33","2027-06-10 21:11:30"
26,-37,78,93,-28,66,"2027-08-17 14:42:17","2024-05-05 21:04:41"
75,-61,41,-43,-18,79,"1998-03-20 01:48:15","1989-08-01 18:28:24"
-83,-81,39,-24,-6,34,"1993-01-01 04:25:02","1981-12-18 06:52:44"
-21,-14,100,-44,-72,-54,"2029-05-25 11:32:28","1993-05-02 01:53:28"
91,-15,23,-70,18,-86,"1985-06-07 19:18:35","2026-10-14 09:29:55"
57,10,60,98,-59,0,"1993-09-14 09:40:17","2008-01-16 01:57:54"
-56,36,38,24,-23,-26,"2011-12-03 07:29:42","2019-09-09 01:00:49"
92,21,-25,-60,-1,2,"1977-08-09 01:48:52","2024-06-27 04:37:05"
-46,15,-81,-44,-87,65,"1995-10-21 15:09:00","1990-04-16 12:47:30"
-50,-48,19,-65,-39,-51,"2009-08-24 20:16:33","2012-09-19 00:07:04"
-10,-26,29,37,-78,49,"1991-04-17 04:58:46","1987-03-22 05:01:11"
55,-14,30,0,40,48,"2019-06-26 21:45:17","1989-08-15 01:44:11"
9,11,79,22,34,63,"1988-10-12 01:14:36","2003-01-20 04:03:03"
-27,14,83,54,46,4,"1991-05-20 22:56:54","1981-03-08 16:54:03"
57,-59,-65,32,61,73,"2017-06-25 12:36:59","2003-05-01 04:51:20"
-51,-17,1,-73,86,-22,"1997-05-09 22:19:39","2016-03-12 04:19:34"
-88,89,82,-37,33,-100,"2018-07-14 20:48:14","2011-08-04 19:07:29"
29,84,11,-85,76,-27,"2010-05-22 12:19:20","2000-07-27 17:06:37"
-44,-20,46,-33,91,-45,"2001-02-22 15:55:31","2008-05-25 08:00:37"
-45,58,-28,-38,-52,93,"1997-08-23 12:40:51","2023-05-10 09:37:40"
48,-46,18,56,-77,-53,"2016-08-14 14:59:00","2025-02-24 17:55:07"
-63,43,94,-30,-4,46,"2025-02-13 01:40:44","2013-12-12 04:11:03"
-74,6,17,-43,-70,-13,"1997-06-25 15:09:08","1973-05-02 12:52:25"
30,-99,-40,-8,-83,79,"2020-06-23 19:13:11","2030-07-16 00:40:17"
-49,5,40,-52,-28,-51,"1974-06-26 07:29:46","1977-02-03 23:04:19"
21,67,44,42,97,-83,"1976-10-07 18:41:18","1992-07-21 17:27:45"
-55,23,-3,86,45,-11,"1987-03-15 04:48:27","2008-08-06 17:16:31"
-62,-17,17,21,27,-58,"1978-10-10 09:42:17","2005-04-19 07:58:16"
91,-37,70,73,-88,-90,"1973-01-22 22:16:46","2017-10-28 16:19:50"
-77,92,78,31,-76,-29,"2028-01-11 02:32:39","2001-07-15 14:26:01"
97,-6,8,9,-22,69,"2027-10-19 03:17:23","1999-01-25 13:28:56"
-28,46,2,80,13,-93,"1972-08-13 13:57:33","2006-12-11 01:17:14"
2,-68,59,37,4,26,"1978-01-03 18:19:11","1992-09-13 23:40:40"
-59,93,75,-60,-51,26,"1996-12-04 00:16:41","2009-04-17 16:51:58"
-35,-22,12,-90,50,55,"2030-09-28 01:39:50","2012-03-12 21:22:24"
25,-72,-85,11,35,97,"1986-11-09 20:37:25","2025-11-25 01:10:57"
59,-42,-84,-52,-80,-99,"1990-09-23 21:36:20","2024-12-10 13:06:38"
-42,-51,-88,51,-33,-46,"2005-05-11 15:28:49","1987-10-14 04:32:41"
-60,85,-72,-75,13,96,"2006-10-05 15:52:03","2026-04-02 14:23:31"
-83,-19,-24,-84,73,59,"2028-04-14 17:49:13","2025-11-15 09:34:10"
-31,-57,-53,42,27,-59,"2022-05-18 03:47:28","2022-08-01 10:08:55"
42,9,48,-41,53,-88,"2027-06-01 05:08:31","2003-06-07 19:24:30"
93,-85,72,-90,-99,-7,"1977-05-01 10:36:32","2013-08-24 23:55:11"
61,54,-35,-2,-82,72,"2002-10-17 18:28:31","2020-06-03 15:19:46"
51,4,6,34,-55,59,"2011-12-11 03:50:55","2011-05-22 14:24:59"
-44,-1,20,-10,88,-45,"2030-03-21 07:40:20","2007-03-11 23:58:19"
72,64,-19,-91,-89,-4,"2020-07-17 04:51:35","2029-06-21 18:24:56"
-25,-72,37,0,82,-78,"2023-04-01 17:18:12","2003-08-03 01:09:59"
39,-20,45,64,37,-2,"2005-12-03 04:18:37","1983-11-12 15:37:39"
55,56,-47,39,45,83,"2018-02-21 06:31:10","1979-01-14 09:38:51"
-52,75,17,-41,-11,86,"2028-06-05 08:40:50","2016-04-20 13:15:35"
64,-56,-20,7,-4,60,"2003-04-12 12:34:42","2030-05-21 16:49:19"
5,42,-43,-69,2,28,"2011-04-27 07:22:20","2005-03-04 20:22:55"
62,44,-24,13,-46,0,"1977-05-14 12:45:26","1980-05-01 10:28:07"
-27,22,13,8,-64,88,"2008-11-15 14:39:48","2020-03-28 13:53:12"
-59,-5,41,-52,17,-94,"1978-09-19 23:56:25","1981-11-26 07:47:30"
68,-18,60,14,-2,62,"2024-07-24 18:47:14","2011-05-17 16:19:01"
77,-88,3,59,36,-54,"1986-11-27 02:08:40","2028-09-13 21:08:56"
-24,40,-21,-49,-69,80,"2026-07-17 00:55:30","2020-01-14 00:26:23"
-5,-35,-47,26,-91,-82,"1993-06-13 19:22:23","2007-09-16 05:18:53"
4,96,-63,5,19,31,"2026-01-11 05:41:58","2028-03-10 05:03:21"
38,66,-64,-2,80,86,"1998-10-03 06:21:32","2026-08-27 01:44:24"
69,-56,41,-58,96,-18,"1983-09-06 13:21:57","1980-01-23 02:26:27"
35,27,-51,87,-91,-26,"2014-09-16 18:35:44","1979-05-17 13:53:09"
7,-99,-81,64,-31,-57,"2029-07-03 07:23:25","2006-04-10 19:32:33"
-96,56,-37,79,4,33,"2008-07-08 17:52:08","1986-06-26 22:06:07"
-81,-21,-40,-40,90,-100,"2021-12-24 07:09:02","2025-01-27 18:51:46"
-82,58,72,-2,18,-10,"1986-01-09 02:26:28","1995-10-15 03:43:48"
0,-76,-19,-41,26,-65,"2030-02-04 04:12:41","1999-10-12 23:51:18"
-81,35,-37,-20,58,-94,"2016-07-24 18:26:11","2014-07-15 05:07:23"
81,-48,80,-13,-60,-99,"1974-04-09 18:23:37","1976-12-05 18:15:55"
-39,48,-32,-42,-58,31,"1983-02-13 03:50:33","1995-12-24 17:01:47"
-29,-10,-46,-41,-64,89,"1982-08-09 14:27:41","2022-06-22 22:59:04"
-78,38,49,-61,-19,-64,"1989-10-24 00:42:34","1982-11-08 00:18:30"
75,-43,69,13,-14,14,"2004-07-08 01:28:29","2024-03-16 08:23:39"
100,53,9,-66,-25,-8,"2014-06-05 14:32:59","1994-05-07 07:26:41"
-28,78,-37,-19,-28,94,"2002-01-08 21:18:26","1986-07-11 06:37:58"
66,-26,85,-15,62,-68,"1992-09-14 19:34:16","2025-01-17 04:28:41"
4,-40,91,-94,64,-2,"2011-01-06 18:01:32","2016-11-19 09:10:58"
-76,-49,40,57,-6,-11,"2010-04-22 23:10:18","2016-01-22 21:17:18"
32,49,-28,-20,-38,94,"1992-09-05 07:17:22","2027-05-12 16:04:55"
66,14,-37,25,19,92,"1985-06-17 08:28:25","1985-03-19 17:51:20"
-99,49,2,-87,-58,34,"1988-04-05 15:08:59","1980-07-03 02:15:49"
45,29,56,-81,-43,47,"2021-09-28 15:29:32","2002-10-02 07:39:05"
13,43,98,75,32,30,"2029-08-03 14:34:02","1993-10-18 12:29:33"
78,67,-78,-42,-48,-8,"1976-10-12 20:56:31","2010-11-25 00:28:45"
-52,79,-84,-57,56,-16,"1980-01-13 00:49:17","2028-07-03 05:15:01"
-59,-71,-6,-31,47,-42,"2000-11-05 09:39:13","1973-01-20 15:42:08"
-58,-71,9,-78,-42,93,"2012-12-24 13:21:45","2019-10-01 22:50:29"
2,-64,-80,93,-71,53,"1994-08-13 04:25:02","1993-07-13 06:01:20"
-100,16,-93,25,63,55,"1975-04-19 14:12:00","1986-04-28 16:50:54"
50,75,-2,8,-32,-12,"1972-09-24 20:06:04","1998-09-12 18:14:49"
-92,0,-48,86,76,-15,"2018-08-20 04:43:55","1996-09-16 07:36:48"
-78,-5,38,45,-48,19,"2014-12-02 06:14:13","2013-04-15 03:18:27"
-30,-71,76,13,74,-58,"2015-10-18 05:29:45","2003-07-06 03:50:46"
-80,8,41,-10,-87,-28,"2020-04-17 05:46:29","2012-12-20 01:42:45"
20,-8,-17,87,-66,7,"1991-03-01 20:25:56","2000-11-04 10:45:48"
-62,-96,60,-39,-80,-37,"1974-04-05 01:57:56","1979-01-03 06:59:14"
-10,-59,42,-66,-2,-71,"2004-06-11 05:43:59","1991-09-18 22:25:15"
-13,-26,-60,15,-82,52,"2027-09-22 11:26:23","1988-12-09 03:01:10"
-74,0,-86,-65,0,60,"2016-11-25 08:16:35","2004-05-15 11:09:06"
47,66,-43,-2,24,-66,"1987-10-16 13:32:07","2000-10-26 17:44:47"
33,99,58,65,-74,46,"1982-09-20 21:26:51","1990-06-08 23:43:44"
-28,-41,-22,-59,39,-73,"1988-09-09 05:16:38","1974-01-23 07:04:28"
-54,41,-82,24,-89,98,"2003-10-24 05:17:24","2012-12-12 22:51:38"
42,82,64,-37,65,72,"1975-01-19 10:42:11","1977-12-12 14:47:51"
-62,-20,-98,25,40,2,"2020-06-08 18:46:05","1976-08-13 00:54:22"
-44,6,-66,93,-43,-87,"1990-11-12 07:22:30","2013-10-13 01:49:00"
15,32,11,-65,-31,27,"2028-06-04 08:29:35","1982-02-22 01:04:35"
29,-43,100,83,36,32,"1997-06-16 05:36:50","2014-07-02 01:46:57"
-1,91,-15,-42,-87,-87,"1978-08-01 12:18:14","1983-04-07 07:35:02"
-61,68,67,-87,92,33,"1985-10-10 08:30:46","2008-08-06 01:35:09"
76,-3,-34,74,17,34,"2001-04-08 07:47:06","2029-12-13 01:04:59"
-32,63,72,-37,65,-39,"1988-07-07 11:32:36","2027-08-18 06:32:40"
-53,-77,20,66,58,-36,"2007-07-26 08:15:00","2030-06-14 11:19:32"
63,59,-69,-35,-35,37,"2018-11-13 14:57:51","1999-08-18 02:09:57"
-24,0,-91,-98,-95,-80,"2013-04-01 00:15:44","1990-06-24 06:01:01"
-9,20,65,-24,17,-43,"1995-10-07 16:26:15","1997-02-12 20:30:51"
5,-23,9,16,53,-73,"1993-09-14 15:09:55","1971-07-10 10:09:53"
-90,39,-4,36,77,39,"1986-11-19 19:30:54","2024-11-03 10:39:36"
75,71,-60,-70,-51,94,"2018-04-28 05:47:47","1986-05-26 00:46:31"
6,56,59,-68,20,-68,"2004-03-17 21:08:45","1980-11-10 16:06:08"
-64,-91,-11,-2,42,73,"1983-11-11 15:11:22","2012-12-20 13:37:45"
100,8,1,-24,-19,94,"2018-09-18 23:31:33","1991-11-12 10:55:56"
22,92,-45,-2,-96,-96,"1986-08-01 13:11:54","2003-11-01 19:10:59"
-61,-61,-94,69,97,-38,"2029-12-12 15:54:17","1997-05-25 19:19:23"
22,-46,17,-74,-23,-23,"2018-03-04 13:56:05","1975-06-17 14:49:02"
58,12,62,73,58,90,"2007-06-24 12:45:58","2021-04-06 06:31:40"
64,97,-73,48,-66,-79,"2027-01-06 02:55:14","2005-07-27 19:11:09"
36,-95,78,-89,9,98,"1976-08-04 11:07:42","2020-10-12 13:51:31"
-76,-33,-2,-90,98,76,"2017-01-18 07:49:20","2007-03-19 11:49:58"
47,74,-57,-99,42,-100,"2022-07-24 10:49:38","2008-12-12 19:47:56"
-80,-96,68,-56,-9,50,"2000-02-12 20:28:37","2004-01-06 05:38:15"
60,-7,-48,-59,69,74,"1991-12-19 13:15:26","1993-10-23 13:44:59"
77,-63,79,79,67,55,"1997-12-20 16:53:31","2007-08-02 04:50:23"
-65,-69,-48,-88,52,-98,"1989-04-28 12:51:43","2009-05-12 00:47:31"
81,12,28,36,82,0,"2002-01-07 13:53:24","1991-01-19 15:41:19"
-9,12,-18,-62,2,48,"2020-05-28 10:13:10","2011-06-16 00:00:28"
23,-70,76,81,87,-4,"2001-04-22 07:13:34","1993-06-03 14:33:08"
85,16,-93,82,15,-19,"2008-08-06 11:49:57","2017-09-23 16:51:11"
-86,-3,-22,91,9,27,"1995-04-27 12:22:21","2012-02-25 21:24:07"
-84,-67,-41,51,58,-32,"1975-03-09 12:41:17","2008-02-08 02:37:59"
57,47,-85,22,-100,-39,"2005-01-24 15:11:40","1981-07-14 06:38:33"
-56,-38,-86,-38,94,64,"2001-12-12 05:49:12","2014-06-02 21:36:58"
-29,-52,60,63,-82,-89,"2028-07-14 04:16:46","1982-01-04 03:47:18"
41,-20,-5,-80,83,73,"2024-08-21 09:12:01","1986-05-16 10:02:47"
55,7,-48,-64,-31,69,"1981-06-14 00:12:47","2026-02-05 11:17:58"
1,-39,-30,73,18,-91,"2025-07-27 20:52:26","1993-04-11 01:24:24"
41,91,60,-42,67,77,"2025-04-15 16:36:04","1978-04-15 14:33:24"
1,64,-11,-77,95,-29,"2028-06-20 18:17:38","2020-05-26 01:51:53"
46,-51,-1,41,-91,76,"2023-06-07 01:34:25","1983-02-03 07:47:39"
29,68,-58,-12,-92,-32,"2023-10-01 14:45:54","2009-03-18 00:02:42"
1,-17,-32,-62,53,-17,"1981-02-13 08:01:52","1977-10-08 20:11:56"
5,26,95,-91,-19,-52,"2001-12-25 22:29:20","1993-06-05 03:51:18"
-34,41,-14,59,0,36,"1979-07-16 21:42:16","2006-12-20 14:49:23"
60,65,96,94,82,-4,"2022-12-11 20:10:03","1981-08-12 03:43:32"
9,-1,90,55,-63,47,"1991-10-13 12:26:38","1977-03-05 02:05:08"
72,59,93,99,-39,-5,"1973-05-22 22:40:05","2018-05-09 22:10:47"
-21,90,54,33,-31,-34,"1972-04-22 09:16:43","1976-07-27 20:01:37"
-3,43,0,38,20,-61,"1971-02-03 16:20:46","1992-02-05 05:01:48"
33,58,33,85,-19,-1,"2014-02-20 03:53:56","1978-10-07 17:27:17"
-96,68,-20,-38,6,-85,"1977-11-25 06:47:43","2018-10-14 16:27:42"
-92,94,-36,40,-19,74,"2006-08-06 17:58:34","1993-09-05 13:02:40"
-9,4,60,-25,58,57,"1981-07-21 02:19:06","1986-07-20 17:39:24"
-4,-70,-80,-71,-63,-58,"2003-04-01 00:37:41","2014-09-09 11:56:31"
-6,41,-50,84,48,-56,"1975-03-13 21:09:44","1975-01-07 05:47:12"
-83,64,39,86,-76,44,"2029-03-05 18:33:22","2022-10-08 17:28:45"
50,3,41,68,57,31,"1998-01-19 15:19:50","2010-06-05 19:30:30"
-58,-53,-47,19,24,58,"1994-04-18 21:56:41","2018-04-04 22:50:14"
-57,65,80,-21,-31,23,"1996-11-03 20:51:14","1977-02-18 12:41:13"
14,83,-38,8,76,-83,"1976-07-18 20:36:21","2010-03-10 04:43:16"
70,63,39,-5,92,-84,"2008-03-23 23:53:51","2016-09-11 10:59:57"
21,29,55,36,40,45,"2005-09-20 02:40:13","1990-09-13 08:23:13"
21,-14,48,21,-46,-71,"1986-04-07 21:32:21","2028-09-28 04:39:08"
43,-95,-32,40,64,2,"2026-11-21 18:16:50","1997-08-12 01:44:37"
-55,9,-97,36,46,97,"1988-11-10 21:07:01","1994-02-18 04:46:50"
14,-94,-68,14,20,31,"1988-09-04 06:04:47","2002-10-08 13:54:35"
36,91,-80,-88,31,-25,"1994-04-10 10:03:28","1997-02-12 08:38:06"
28,-35,-7,34,0,-23,"1977-07-27 05:01:54","1994-01-19 16:45:49"
-90,-3,77,17,-88,-40,"2018-04-09 14:37:23","2029-11-16 18:41:04"
-84,20,66,-10,-76,-65,"1986-07-08 20:43:31","2001-12-21 07:43:28"
-92,90,-52,52,-51,-55,"2018-08-06 20:13:13","2003-04-15 06:56:53"
7,-18,-4,85,-11,50,"2005-10-15 13:31:45","2013-02-26 21:58:01"
-18,-93,39,-77,95,70,"2025-06-16 01:40:23","1980-02-02 23:32:53"
-55,5,-51,-75,53,-62,"1991-10-02 23:16:50","1984-08-01 17:15:59"
-4,79,48,-41,-65,64,"1977-04-25 03:41:16","1972-11-28 20:03:18"
47,2,-21,-19,35,-7,"1987-12-03 12:20:20","2011-06-01 19:37:51"
41,-71,11,-39,39,-85,"1976-04-21 19:33:17","1999-06-21 00:52:40"
25,18,-33,20,-96,-49,"2030-08-15 15:33:31","2011-03-06 16:52:06"
9,-35,81,61,78,87,"1975-09-01 17:44:40","2025-09-25 02:39:54"
-1,42,-85,42,55,-52,"2023-11-10 07:11:32","2022-06-19 06:35:11"
-40,-23,-99,50,-83,-93,"1988-11-24 14:32:11","2001-06-21 07:47:32"
86,48,-57,-35,-64,-4,"1989-04-13 07:58:47","1973-03-05 17:21:32"
22,14,2,71,65,-94,"2027-01-16 00:52:56","1994-11-12 16:36:19"
100,-14,45,83,4,-78,"1985-02-04 21:16:11","2006-02-10 16:22:00"
-92,4,9,-40,-18,65,"2003-11-17 21:09:29","2002-10-24 18:01:26"
-75,81,62,-10,54,52,"2014-10-17 06:24:20","2025-08-28 06:56:59"
32,59,-92,21,-34,-63,"1995-01-20 01:24:22","2018-06-03 12:05:14"
-72,-37,85,81,-72,72,"1981-12-17 01:06:45","1989-12-25 14:30:42"
99,34,34,54,-98,-93,"1985-08-23 04:17:01","1989-07-26 15:38:58"
-53,-19,57,42,-71,10,"1990-03-11 07:48:46","2028-05-03 21:47:31"
-81,-15,49,89,62,-40,"1993-08-11 15:33:04","1979-07-25 02:54:20"
17,-90,96,8,68,44,"2030-02-12 20:56:04","2025-03-22 23:08:21"
53,-41,95,52,-40,-64,"1990-07-20 13:28:11","2021-12-20 22:50:10"
-72,-9,54,-31,-10,-48,"1989-09-05 12:08:15","1988-09-28 05:54:50"
-89,-58,79,-28,73,-79,"2027-08-26 17:31:23","2008-09-19 20:05:56"
46,-60,-60,-57,-30,44,"1991-05-09 03:20:35","1980-07-17 18:38:16"
42,12,88,70,30,49,"2004-05-15 19:33:53","1986-09-08 06:35:15"
-94,58,-40,-11,64,59,"1992-11-15 10:13:42","2026-08-19 22:03:42"
18,-70,-70,88,23,16,"2000-09-23 04:55:17","2017-07-18 04:18:09"
-32,-15,-66,58,34,-21,"2000-08-04 23:32:56","2024-09-04 09:44:12"
-46,-64,-67,-62,-75,-5,"1994-12-05 04:54:26","2017-11-24 00:06:10"
-21,-60,94,60,-25,94,"1977-01-01 10:30:12","1986-04-18 15:18:09"
25,-42,84,72,-57,-63,"1976-08-09 08:36:43","2003-07-06 15:06:01"
-2,-73,14,62,1,-20,"1989-11-17 06:48:46","1974-07-25 08:00:08"
-98,97,80,-8,-52,3,"1993-08-25 02:08:05","1979-03-25 20:46:59"
-1,65,-89,21,6,97,"2011-09-12 22:51:59","2016-04-25 18:00:20"
-99,56,27,-55,35,-30,"2013-05-21 05:31:28","1980-04-17 12:37:01"
-62,100,-41,-92,61,-51,"1998-09-27 12:46:39","2023-10-06 03:50:26"
25,-6,8,-48,-4,45,"1993-07-06 03:11:05","2020-04-19 08:07:50"
90,-8,67,-27,-76,-60,"2013-02-19 16:37:13","2029-06-10 21:54:24"
29,-46,-55,84,55,90,"1999-02-10 18:42:52","1982-05-26 18:04:27"
-94,-68,87,78,53,16,"1972-10-06 03:25:57","2028-11-14 17:42:59"
21,43,6,-73,11,-16,"2030-11-22 00:47:59","2014-05-22 17:30:18"
-30,98,55,45,73,21,"1990-01-07 04:43:39","1998-03-14 01:18:22"
95,-39,60,6,-19,47,"2023-05-20 04:32:28","1996-11-19 08:21:42"
-45,-37,55,24,-40,-87,"2030-09-13 19:38:56","1991-12-25 18:31:50"
61,-26,-92,78,-60,42,"2024-06-22 21:55:40","1975-02-03 15:21:48"
-9,66,-22,8,-48,-90,"1989-12-23 02:54:31","2000-07-28 19:15:12"
80,33,84,83,30,-23,"1990-05-26 03:55:30","1974-06-04 07:25:03"
-15,-2,81,23,95,-80,"2015-07-16 06:48:38","2009-02-03 09:56:22"
94,-96,-93,63,-88,20,"1985-12-26 11:53:44","2003-11-26 01:15:22"
-83,2,-9,-20,39,100,"2006-05-21 12:20:17","1988-10-17 19:57:18"
50,44,-4,52,-23,-40,"2001-03-25 11:43:58","1989-12-25 16:56:34"
-67,18,4,100,-51,15,"2000-10-05 17:17:18","1982-02-03 10:16:26"
-39,-80,1,37,-85,-46,"2000-07-04 07:59:11","1994-06-20 04:06:12"
-74,-71,23,-5,-86,-79,"2030-08-22 06:11:04","1979-07-25 19:54:03"
-26,65,97,-47,51,-7,"1984-02-22 23:10:12","2006-06-27 08:02:07"
33,-64,-58,-14,-31,-47,"1998-01-15 10:32:07","2023-08-28 03:43:23"
-57,-5,8,-12,7,97,"1982-01-17 04:04:24","1977-05-25 07:44:22"
-40,-97,-12,93,-15,15,"2001-05-18 15:28:06","1991-04-11 18:08:15"
15,23,-81,-24,76,61,"2027-06-12 15:30:09","1979-11-10 08:02:57"
33,-83,83,-88,86,-41,"1983-03-14 16:55:13","2013-10-02 17:36:02"
21,-6,84,-93,40,85,"2025-02-18 08:07:15","1976-02-15 20:05:44"
70,99,-4,-60,84,45,"1999-08-12 20:01:12","1989-04-10 21:16:10"
-3,-40,65,-30,-70,0,"2001-02-17 01:24:40","1985-11-27 12:40:09"
65,42,-99,91,-57,91,"2026-06-22 04:52:57","2027-09-08 02:31:57"
-91,25,7,-51,-56,77,"2013-01-21 09:16:08","2007-04-05 04:51:33"
-31,5,67,92,-46,-5,"2025-11-14 19:06:12","1993-02-14 17:13:23"
51,-80,45,63,-71,-45,"1993-11-12 02:09:09","1976-02-10 21:10:38"
-38,50,-19,-61,45,-25,"1996-08-19 20:14:27","2027-11-10 06:26:22"
16,-61,29,91,-98,-75,"2020-11-09 17:07:23","1985-03-17 15:20:06"
-87,88,-27,-69,83,-3,"1991-02-12 01:33:00","2020-09-24 20:25:48"
-53,-79,78,39,100,89,"2029-10-19 12:17:15","2024-03-12 12:28:21"
29,-74,-61,-17,-7,1,"2023-12-25 21:40:49","1987-04-23 18:16:09"
-13,63,-15,4,-68,-52,"1985-05-26 07:20:01","1996-06-13 15:41:04"
11,5,17,89,55,84,"2012-04-17 22:46:49","1971-04-11 02:16:58"
-68,-86,-66,-8,-3,-38,"2016-03-05 14:42:59","2020-06-19 08:09:51"
66,15,-99,70,74,27,"2012-09-07 02:20:00","1972-12-17 16:31:53"